CE205#05 Jan, 2021#21 Apr, 2021#28 Apr, 2021#Prof. Anjan Dutta#21 Apr, 2021 ( 09:00 to 12:00 )
CE212#05 Jan, 2021#21 Apr, 2021#28 Apr, 2021#Dr. Indu Siva Ranjani Gandhi#
CE214#05 Jan, 2021#21 Apr, 2021#28 Apr, 2021#Prof. Subashisa Dutta#
CE220#05 Jan, 2021#21 Apr, 2021#28 Apr, 2021#Dr. Bimlesh Kumar#22 Apr, 2021 ( 09:00 to 12:00 )
CE221#05 Jan, 2021#21 Apr, 2021#28 Apr, 2021#Dr. Bimlesh Kumar#
CE215#05 Jan, 2021#21 Apr, 2021#28 Apr, 2021#Prof. Baleshwar Singh#
CE222#05 Jan, 2021#21 Apr, 2021#28 Apr, 2021#Prof. Pranab Kumar Ghosh#23 Apr, 2021 ( 09:00 to 12:00 )
CE223#05 Jan, 2021#21 Apr, 2021#28 Apr, 2021#Prof. Ajay Kalamdhad#
CE201#05 Jan, 2021#21 Apr, 2021#28 Apr, 2021#Dr. Ajay  Dashora#24 Apr, 2021 ( 09:00 to 12:00 )
CE208#05 Jan, 2021#21 Apr, 2021#28 Apr, 2021#Dr. Rishikesh  Bharti#
CE213#05 Jan, 2021#21 Apr, 2021#28 Apr, 2021#Dr. Ajay  Dashora#
CE309#05 Jan, 2021#21 Apr, 2021#28 Apr, 2021#Prof. Arbind  Kumar Singh#21 Apr, 2021 ( 14:00 to 17:00 )
CE308#05 Jan, 2021#21 Apr, 2021#28 Apr, 2021#Dr. Johan Ninan#22 Apr, 2021 ( 14:00 to 17:00 )
CE321#05 Jan, 2021#21 Apr, 2021#28 Apr, 2021#Dr. Sreeja Pekkat#
CE313#05 Jan, 2021#21 Apr, 2021#28 Apr, 2021#Prof. Baleshwar Singh#
CE314#05 Jan, 2021#21 Apr, 2021#28 Apr, 2021#Prof. Rajan Choudhary#
CE322#05 Jan, 2021#21 Apr, 2021#28 Apr, 2021#Dr. Akhilesh Kumar Maurya#23 Apr, 2021 ( 14:00 to 17:00 )
CE323#05 Jan, 2021#21 Apr, 2021#28 Apr, 2021#Dr. Anjan Kumar Siddagangaiah#
CE504#05 Jan, 2021#21 Apr, 2021#28 Apr, 2021#Dr. Hrishikesh Sharma#21 Apr, 2021 ( 09:00 to 12:00 )
CE511#05 Jan, 2021#21 Apr, 2021#28 Apr, 2021#Dr. Kaustubh Dasgupta#
CE512#05 Jan, 2021#21 Apr, 2021#28 Apr, 2021#Prof. Sajal  Kanti Deb#
CE606#05 Jan, 2021#21 Apr, 2021#28 Apr, 2021#Dr. Sandip  Das#23 Apr, 2021 ( 09:00 to 12:00 )
CE615#05 Jan, 2021#21 Apr, 2021#28 Apr, 2021#Prof. Hemant B. Kaushik#22 Apr, 2021 ( 14:00 to 17:00 )
CE619#05 Jan, 2021#21 Apr, 2021#28 Apr, 2021#Dr. Amit  Balasaheb Shelke#26 Apr, 2021 ( 09:00 to 12:00 )
CE514#05 Jan, 2021#21 Apr, 2021#28 Apr, 2021#Prof. Sudip Talukdar#27 Apr, 2021 ( 09:00 to 12:00 )
CE608#05 Jan, 2021#21 Apr, 2021#28 Apr, 2021#Dr. Arunasis Chakraborty#28 Apr, 2021 ( 09:00 to 12:00 )
CE510#05 Jan, 2021#21 Apr, 2021#28 Apr, 2021#Dr. Johan Ninan#23 Apr, 2021 ( 09:00 to 12:00 )
CE544#05 Jan, 2021#21 Apr, 2021#28 Apr, 2021#Dr. Laishram Boeing Singh#
CE612#05 Jan, 2021#21 Apr, 2021#28 Apr, 2021#Prof. Bulu Pradhan#
CE614#05 Jan, 2021#21 Apr, 2021#28 Apr, 2021#Dr. Laishram Boeing Singh#22 Apr, 2021 ( 09:00 to 12:00 )
CE552#05 Jan, 2021#21 Apr, 2021#28 Apr, 2021#Prof. Arup  Kumar Sarma#28 Apr, 2021 ( 09:00 to 12:00 )
CE623#05 Jan, 2021#21 Apr, 2021#28 Apr, 2021#Prof. Rajan Choudhary#26 Apr, 2021 ( 09:00 to 12:00 )
CE555#05 Jan, 2021#21 Apr, 2021#28 Apr, 2021#Prof. Chandan Mahanta#21 Apr, 2021 ( 09:00 to 12:00 )
CE556#05 Jan, 2021#21 Apr, 2021#28 Apr, 2021#Dr. Suresh Arvindakshan Kartha#22 Apr, 2021 ( 09:00 to 12:00 )
CE562#05 Jan, 2021#21 Apr, 2021#28 Apr, 2021#Dr. Sreeja Pekkat#26 Apr, 2021 ( 09:00 to 12:00 )
CE559#05 Jan, 2021#21 Apr, 2021#28 Apr, 2021#Prof. Subashisa Dutta#27 Apr, 2021 ( 09:00 to 12:00 )
CE560#05 Jan, 2021#21 Apr, 2021#28 Apr, 2021#Prof. Gautam_ Barua#26 Apr, 2021 ( 14:00 to 17:00 )
CE515#05 Jan, 2021#21 Apr, 2021#28 Apr, 2021#Prof. Rajib Kumar Bhattacharjya#28 Apr, 2021 ( 14:00 to 17:00 )
CE533#05 Jan, 2021#21 Apr, 2021#28 Apr, 2021#Dr. Anil Kumar Mishra#21 Apr, 2021 ( 09:00 to 12:00 )
CE534#05 Jan, 2021#21 Apr, 2021#28 Apr, 2021#Dr. Abhishek  Kumar#
CE618#05 Jan, 2021#21 Apr, 2021#28 Apr, 2021#Dr. Tadikonda Venkata Bharat#22 Apr, 2021 ( 14:00 to 17:00 )
CE641#05 Jan, 2021#21 Apr, 2021#28 Apr, 2021#Dr. Arindam#23 Apr, 2021 ( 09:00 to 12:00 )
CE646#05 Jan, 2021#21 Apr, 2021#28 Apr, 2021#Prof. Sreedeep Sekharan#24 Apr, 2021 ( 14:00 to 17:00 )
CE583#05 Jan, 2021#21 Apr, 2021#28 Apr, 2021#Prof. Teiborlang Lyngdoh Ryntathiang#21 Apr, 2021 ( 09:00 to 12:00 )
CE584#05 Jan, 2021#21 Apr, 2021#28 Apr, 2021#Dr. Akhilesh Kumar Maurya#22 Apr, 2021 ( 09:00 to 12:00 )
CE585#05 Jan, 2021#21 Apr, 2021#28 Apr, 2021#Prof. Chunchu Mallikarjuna#
CE628#05 Jan, 2021#21 Apr, 2021#28 Apr, 2021#Prof. Chunchu Mallikarjuna#24 Apr, 2021 ( 09:00 to 12:00 )
CE521#05 Jan, 2021#21 Apr, 2021#28 Apr, 2021#Prof. Pranab Kumar Ghosh#
CE523#05 Jan, 2021#21 Apr, 2021#28 Apr, 2021#Prof. Sharad Bhaurao Gokhale#
CE524#05 Jan, 2021#21 Apr, 2021#28 Apr, 2021#Prof. Mohammad Jawed#21 Apr, 2021 ( 09:00 to 12:00 )
CE525#05 Jan, 2021#21 Apr, 2021#28 Apr, 2021#Prof. Ajay Kalamdhad#22 Apr, 2021 ( 09:00 to 12:00 )
CE661#05 Jan, 2021#21 Apr, 2021#28 Apr, 2021#Prof. Sharad Bhaurao Gokhale#28 Apr, 2021 ( 09:00 to 12:00 )
CE664#05 Jan, 2021#21 Apr, 2021#28 Apr, 2021#Prof. Saswati Chakraborty#24 Apr, 2021 ( 09:00 to 12:00 )
CE594#05 Jan, 2021#21 Apr, 2021#28 Apr, 2021#Dr. Rishikesh  Bharti#23 Apr, 2021 ( 09:00 to 12:00 )
CE595#05 Jan, 2021#21 Apr, 2021#28 Apr, 2021#Prof. Chandan Mahanta#22 Apr, 2021 ( 09:00 to 12:00 )
CE499#05 Jan, 2021#21 Apr, 2021#28 Apr, 2021#dupccivil#
CE699#05 Jan, 2021#21 Apr, 2021#28 Apr, 2021#dppccivil#
CE550#05 Jan, 2021#21 Apr, 2021#28 Apr, 2021#dppccivil#
CE691#05 Jan, 2021#21 Apr, 2021#28 Apr, 2021#dppccivil#
CE697#05 Jan, 2021#21 Apr, 2021#28 Apr, 2021#dppccivil#
CE695#05 Jan, 2021#21 Apr, 2021#28 Apr, 2021#dppccivil#
CE693#05 Jan, 2021#21 Apr, 2021#28 Apr, 2021#dppccivil#
CE599#05 Jan, 2021#21 Apr, 2021#28 Apr, 2021#dppccivil#
CE324#05 Jan, 2021#21 Apr, 2021#28 Apr, 2021#Dr. Budhaditya  Hazra#24 Apr, 2021 ( 14:00 to 17:00 )
CE402#05 Jan, 2021#21 Apr, 2021#28 Apr, 2021#dupccivil#
ME221#05 Jan, 2021#21 Apr, 2021#28 Apr, 2021#Dr. Dr. Atul K Soti#21 Apr, 2021 ( 09:00 to 12:00 )
ME223#05 Jan, 2021#21 Apr, 2021#28 Apr, 2021#Dr. Arup Kumar Nandy#23 Apr, 2021 ( 09:00 to 12:00 )
ME224#05 Jan, 2021#21 Apr, 2021#28 Apr, 2021#Dr. Sajan Kapil#26 Apr, 2021 ( 09:00 to 12:00 )
ME225#05 Jan, 2021#21 Apr, 2021#28 Apr, 2021#Sri Biranchi Panda#
ME226#05 Jan, 2021#21 Apr, 2021#28 Apr, 2021#Dr. Sandeep Reddy Basireddy#
ME215#05 Jan, 2021#21 Apr, 2021#28 Apr, 2021#Prof. Debabrata Chakraborty#
ME216#05 Jan, 2021#21 Apr, 2021#28 Apr, 2021#Dr. Shubhadeep Mandal#
ME202M#05 Jan, 2021#21 Apr, 2021#28 Apr, 2021#Prof. Shyamanta Moni Hazarika#27 Apr, 2021 ( 09:00 to 12:00 )
ME321#05 Jan, 2021#21 Apr, 2021#28 Apr, 2021#Dr. Pranab Kumar Mondal#22 Apr, 2021 ( 14:00 to 17:00 )
ME322#05 Jan, 2021#21 Apr, 2021#28 Apr, 2021#Dr. Poonam Kumari#26 Apr, 2021 ( 14:00 to 17:00 )
ME323#05 Jan, 2021#21 Apr, 2021#28 Apr, 2021#Sri Biranchi Panda#23 Apr, 2021 ( 14:00 to 17:00 )
ME324#05 Jan, 2021#21 Apr, 2021#28 Apr, 2021#Dr. Manas Das#24 Apr, 2021 ( 14:00 to 17:00 )
ME325#05 Jan, 2021#21 Apr, 2021#28 Apr, 2021#Dr. Satyajit Panda#27 Apr, 2021 ( 14:00 to 17:00 )
ME326#05 Jan, 2021#21 Apr, 2021#28 Apr, 2021#Dr. Amaresh Dalal#
ME315#05 Jan, 2021#21 Apr, 2021#28 Apr, 2021#Dr. Shrikrishna Nandkishor Joshi#
ME412#05 Jan, 2021#21 Apr, 2021#28 Apr, 2021#Dr. Manas Das#
ME421#05 Jan, 2021#21 Apr, 2021#28 Apr, 2021#Dr. Deepak Sharma#24 Apr, 2021 ( 09:00 to 12:00 )
ME511#05 Jan, 2021#21 Apr, 2021#28 Apr, 2021#Dr. Prasenjit   Khanikar#24 Apr, 2021 ( 14:00 to 17:00 )
ME513#05 Jan, 2021#21 Apr, 2021#28 Apr, 2021#Dr. Ramabadran Ganesh Narayanan#27 Apr, 2021 ( 14:00 to 17:00 )
ME515#05 Jan, 2021#21 Apr, 2021#28 Apr, 2021#Dr. Sajan Kapil#
ME522#05 Jan, 2021#21 Apr, 2021#28 Apr, 2021#Dr. Amaresh Dalal#27 Apr, 2021 ( 14:00 to 17:00 )
ME541#05 Jan, 2021#21 Apr, 2021#28 Apr, 2021#Dr. Sachin  Singh Gautam#23 Apr, 2021 ( 09:00 to 12:00 )
ME542#05 Jan, 2021#21 Apr, 2021#28 Apr, 2021#Dr. Atanu Banerjee#24 Apr, 2021 ( 14:00 to 17:00 )
ME544#05 Jan, 2021#21 Apr, 2021#28 Apr, 2021#Dr. Madhusudhana Rao Gavara#
ME552#05 Jan, 2021#21 Apr, 2021#28 Apr, 2021#Dr. Vinayak Narayan Kulkarni#24 Apr, 2021 ( 14:00 to 17:00 )
ME553#05 Jan, 2021#21 Apr, 2021#28 Apr, 2021#Dr. Bhaskar Kumar#26 Apr, 2021 ( 09:00 to 12:00 )
ME554#05 Jan, 2021#21 Apr, 2021#28 Apr, 2021#Prof. Ujjwal Kumar Saha#22 Apr, 2021 ( 09:00 to 12:00 )
ME605#05 Jan, 2021#21 Apr, 2021#28 Apr, 2021#Prof. K S R Krishna Murthy#26 Apr, 2021 ( 09:00 to 12:00 )
ME607#05 Jan, 2021#21 Apr, 2021#28 Apr, 2021#Prof. Debabrata Chakraborty#22 Apr, 2021 ( 09:00 to 12:00 )
ME608#05 Jan, 2021#21 Apr, 2021#28 Apr, 2021#Dr. Shrikrishna Nandkishor Joshi#21 Apr, 2021 ( 09:00 to 12:00 )
ME615#05 Jan, 2021#21 Apr, 2021#28 Apr, 2021#Prof. Rajiv Tiwari#27 Apr, 2021 ( 14:00 to 17:00 )
ME619#05 Jan, 2021#21 Apr, 2021#28 Apr, 2021#Dr. Shubhadeep Mandal#26 Apr, 2021 ( 09:00 to 12:00 )
ME621#05 Jan, 2021#21 Apr, 2021#28 Apr, 2021#Prof. P.  Muthukumar#23 Apr, 2021 ( 09:00 to 12:00 )
ME628#05 Jan, 2021#21 Apr, 2021#28 Apr, 2021#Dr. Swarup Bag#22 Apr, 2021 ( 09:00 to 12:00 )
ME648#05 Jan, 2021#21 Apr, 2021#28 Apr, 2021#Prof. Anoop Kumar Dass#21 Apr, 2021 ( 09:00 to 12:00 )
ME657#05 Jan, 2021#21 Apr, 2021#28 Apr, 2021#Prof. Manmohan Pandey#23 Apr, 2021 ( 09:00 to 12:00 )
ME670#05 Jan, 2021#21 Apr, 2021#28 Apr, 2021#Dr. Madhusudhana Rao Gavara#22 Apr, 2021 ( 09:00 to 12:00 )
ME671#05 Jan, 2021#21 Apr, 2021#28 Apr, 2021#Prof. Subramani Kanagaraj#27 Apr, 2021 ( 09:00 to 12:00 )
ME674#05 Jan, 2021#21 Apr, 2021#28 Apr, 2021#Dr. Sukhomay  Pal#27 Apr, 2021 ( 09:00 to 12:00 )
ME683#05 Jan, 2021#21 Apr, 2021#28 Apr, 2021#Dr. Tapan Krishnakumar Mankodi#21 Apr, 2021 ( 09:00 to 12:00 )
ME612#05 Jan, 2021#21 Apr, 2021#28 Apr, 2021#Dr. Dipankar Narayan Basu#26 Apr, 2021 ( 09:00 to 12:00 )
ME499#05 Jan, 2021#21 Apr, 2021#28 Apr, 2021#Dr. Arnab Kr. De#
ME399#05 Jan, 2021#21 Apr, 2021#28 Apr, 2021#Dr. Poonam Kumari#
ME504#05 Jan, 2021#21 Apr, 2021#28 Apr, 2021#Dr. Satyajit Panda#
ME505#05 Jan, 2021#21 Apr, 2021#28 Apr, 2021#Dr. Satyajit Panda#
CS205#05 Jan, 2021#21 Apr, 2021#28 Apr, 2021#Prof. Purandar Bhaduri#21 Apr, 2021 ( 09:00 to 12:00 )
CS207#05 Jan, 2021#21 Apr, 2021#28 Apr, 2021#Dr. Sushanta Karmakar#22 Apr, 2021 ( 09:00 to 12:00 )
CS223#05 Jan, 2021#21 Apr, 2021#28 Apr, 2021#Prof. Jatindra Kumar Deka#24 Apr, 2021 ( 09:00 to 12:00 )
CS224#05 Jan, 2021#21 Apr, 2021#28 Apr, 2021#Prof. Hemangee Kalpesh Kapoor#
CS245#05 Jan, 2021#21 Apr, 2021#28 Apr, 2021#Dr. V Vijaya Saradhi#23 Apr, 2021 ( 09:00 to 12:00 )
CS246#05 Jan, 2021#21 Apr, 2021#28 Apr, 2021#Dr. V Vijaya Saradhi#
CS206M#05 Jan, 2021#21 Apr, 2021#28 Apr, 2021#Dr. Benny George Kenkireth#27 Apr, 2021 ( 09:00 to 12:00 )
CS345#05 Jan, 2021#21 Apr, 2021#28 Apr, 2021#Dr. Samit Bhattacharya#26 Apr, 2021 ( 14:00 to 17:00 )
CS346#05 Jan, 2021#21 Apr, 2021#28 Apr, 2021#Dr. Samit Bhattacharya#
CS361#05 Jan, 2021#21 Apr, 2021#28 Apr, 2021#Dr. Arijit  Sur#21 Apr, 2021 ( 14:00 to 17:00 )
CS350M#05 Jan, 2021#21 Apr, 2021#28 Apr, 2021#Dr. Tamarapalli Venkatesh#28 Apr, 2021 ( 14:00 to 17:00 )
CS499#05 Jan, 2021#21 Apr, 2021#28 Apr, 2021#Unspecified#
CS558#05 Jan, 2021#21 Apr, 2021#28 Apr, 2021#Dr. Manas Khatua#
CS699#05 Jan, 2021#21 Apr, 2021#28 Apr, 2021#Unspecified#
CS595#05 Jan, 2021#21 Apr, 2021#28 Apr, 2021#Dr. Ashish  Anand#
CS501#05 Jan, 2021#21 Apr, 2021#28 Apr, 2021#Prof. Sajith Gopalan#21 Apr, 2021 ( 09:00 to 12:00 )
CS502#05 Jan, 2021#21 Apr, 2021#28 Apr, 2021#Prof. Seela Veerabhadreswara Rao#23 Apr, 2021 ( 14:00 to 17:00 )
CS508#05 Jan, 2021#21 Apr, 2021#28 Apr, 2021#Dr. Benny George Kenkireth#23 Apr, 2021 ( 09:00 to 12:00 )
CS544#05 Jan, 2021#21 Apr, 2021#28 Apr, 2021#Dr. Manas Khatua#22 Apr, 2021 ( 14:00 to 17:00 )
CS549#05 Jan, 2021#21 Apr, 2021#28 Apr, 2021#Prof. Sukumar Nandi#22 Apr, 2021 ( 09:00 to 12:00 )
CS577#05 Jan, 2021#21 Apr, 2021#28 Apr, 2021#Dr. Chandan  Karfa#27 Apr, 2021 ( 09:00 to 12:00 )
CS529#05 Jan, 2021#21 Apr, 2021#28 Apr, 2021#Dr. Sanasam Ranbir Singh#24 Apr, 2021 ( 14:00 to 17:00 )
CS568#05 Jan, 2021#21 Apr, 2021#28 Apr, 2021#Dr. Amit Chintamani Awekar#27 Apr, 2021 ( 14:00 to 17:00 )
CS348#05 Jan, 2021#21 Apr, 2021#28 Apr, 2021#Dr. Pinaki Mitra#
CS331#05 Jan, 2021#21 Apr, 2021#28 Apr, 2021#Dr. Aryabartta Sahu#
DS699#05 Jan, 2021#21 Apr, 2021#28 Apr, 2021#Unspecified#
DD212#05 Jan, 2021#21 Apr, 2021#28 Apr, 2021#Ms Sheetal Madhav Gokhale#
DD213#05 Jan, 2021#21 Apr, 2021#28 Apr, 2021#Prof. Pradeep G. Yammiyavar#22 Apr, 2021 ( 14:00 to 17:00 )
DD214#05 Jan, 2021#21 Apr, 2021#28 Apr, 2021#Dr. Sougata Karmakar#
DD215#05 Jan, 2021#21 Apr, 2021#28 Apr, 2021#Dr. Sougata Karmakar#24 Apr, 2021 ( 14:00 to 17:00 )
DD216#05 Jan, 2021#21 Apr, 2021#28 Apr, 2021#Mr Pankaj Upadhyay#
DD220M#05 Jan, 2021#21 Apr, 2021#28 Apr, 2021#Dr. Urmi  Ravindra Salve#27 Apr, 2021 ( 09:00 to 12:00 )
DD201#05 Jan, 2021#21 Apr, 2021#28 Apr, 2021#Ms Shareka Iqbal#
DD311#05 Jan, 2021#21 Apr, 2021#28 Apr, 2021#Dr. Pratul Chandra Kalita#21 Apr, 2021 ( 09:00 to 12:00 )
DD312#05 Jan, 2021#21 Apr, 2021#28 Apr, 2021#Dr. Shakuntala Acharya#22 Apr, 2021 ( 09:00 to 12:00 )
DD398#05 Jan, 2021#21 Apr, 2021#28 Apr, 2021#Dr. Shakuntala Acharya#
DD324#05 Jan, 2021#21 Apr, 2021#28 Apr, 2021#Ms Sharmistha Banerjee#24 Apr, 2021 ( 09:00 to 12:00 )
DD325#05 Jan, 2021#21 Apr, 2021#28 Apr, 2021#Dr. Manoj Majhi#
DD326#05 Jan, 2021#21 Apr, 2021#28 Apr, 2021#Mr Abhishek  Singh#
DD320M#05 Jan, 2021#21 Apr, 2021#28 Apr, 2021#Ms Shareka Iqbal#28 Apr, 2021 ( 14:00 to 17:00 )
DD321#05 Jan, 2021#21 Apr, 2021#28 Apr, 2021#Mr Supradip  Das#28 Apr, 2021 ( 09:00 to 12:00 )
DD322#05 Jan, 2021#21 Apr, 2021#28 Apr, 2021#Dr. Manoj Majhi#
DD411#05 Jan, 2021#21 Apr, 2021#28 Apr, 2021#Dr. Pratul Chandra Kalita#21 Apr, 2021 ( 14:00 to 17:00 )
DD499#05 Jan, 2021#21 Apr, 2021#28 Apr, 2021#Ms Sheetal Madhav Gokhale#
DD505#05 Jan, 2021#21 Apr, 2021#28 Apr, 2021#Mr Supradip  Das#
DD506#05 Jan, 2021#21 Apr, 2021#28 Apr, 2021#Prof. Utpal Barua#
DD507#05 Jan, 2021#21 Apr, 2021#28 Apr, 2021#Dr. Abhishek Shrivastava#
DD605#05 Jan, 2021#21 Apr, 2021#28 Apr, 2021#Dr. Udaya Kumar Dharmalingam#
DD509#05 Jan, 2021#21 Apr, 2021#28 Apr, 2021#Dr. Keyur Babulal Sorathia#21 Apr, 2021 ( 09:00 to 12:00 )
DD516#05 Jan, 2021#21 Apr, 2021#28 Apr, 2021#Dr. Sougata Karmakar#23 Apr, 2021 ( 14:00 to 17:00 )
DD517#05 Jan, 2021#21 Apr, 2021#28 Apr, 2021#Mr Abhishek  Singh#26 Apr, 2021 ( 14:00 to 17:00 )
DD534#05 Jan, 2021#21 Apr, 2021#28 Apr, 2021#Dr. Keyur Babulal Sorathia#27 Apr, 2021 ( 14:00 to 17:00 )
DD602#05 Jan, 2021#21 Apr, 2021#28 Apr, 2021#Dr. Debayan  Dhar#28 Apr, 2021 ( 14:00 to 17:00 )
DD604#05 Jan, 2021#21 Apr, 2021#28 Apr, 2021#Prof. Pradeep G. Yammiyavar#22 Apr, 2021 ( 09:00 to 12:00 )
DD606#05 Jan, 2021#21 Apr, 2021#28 Apr, 2021#Ms Sharmistha Banerjee#27 Apr, 2021 ( 09:00 to 12:00 )
DD705#05 Jan, 2021#21 Apr, 2021#28 Apr, 2021#Dr. Debayan  Dhar#23 Apr, 2021 ( 09:00 to 12:00 )
DD710#05 Jan, 2021#21 Apr, 2021#28 Apr, 2021#Dr. Urmi  Ravindra Salve#
DD533#05 Jan, 2021#21 Apr, 2021#28 Apr, 2021#Dr. Abhishek Shrivastava#26 Apr, 2021 ( 09:00 to 12:00 )
BT206#05 Jan, 2021#21 Apr, 2021#28 Apr, 2021#Prof. Sanjukta Patra#24 Apr, 2021 ( 09:00 to 12:00 )
BT207#05 Jan, 2021#21 Apr, 2021#28 Apr, 2021#Dr. Sachin Kumar#23 Apr, 2021 ( 09:00 to 12:00 )
BT208#05 Jan, 2021#21 Apr, 2021#28 Apr, 2021#Dr. Souptick  Chanda#21 Apr, 2021 ( 09:00 to 12:00 )
BT209#05 Jan, 2021#21 Apr, 2021#28 Apr, 2021#Dr. Soumen  Kumar Maiti#22 Apr, 2021 ( 09:00 to 12:00 )
BT211#05 Jan, 2021#21 Apr, 2021#28 Apr, 2021#Prof. Siddhartha Sankar Ghosh#
BT311#05 Jan, 2021#21 Apr, 2021#28 Apr, 2021#Dr. Senthilkumar Sivaprakasam#
BT312#05 Jan, 2021#21 Apr, 2021#28 Apr, 2021#Dr. Biman  Behari Mandal#
BT306#05 Jan, 2021#21 Apr, 2021#28 Apr, 2021#Prof. Pranab Goswami#27 Apr, 2021 ( 14:00 to 17:00 )
BT307#05 Jan, 2021#21 Apr, 2021#28 Apr, 2021#Dr. Biplab Bose#21 Apr, 2021 ( 14:00 to 17:00 )
BT401#05 Jan, 2021#21 Apr, 2021#28 Apr, 2021#Dr. Ajaikumar Bahulayan Kunnumakkara#21 Apr, 2021 ( 09:00 to 12:00 )
BT510#05 Jan, 2021#21 Apr, 2021#28 Apr, 2021#Prof. Latha Rangan#
BT502#05 Jan, 2021#21 Apr, 2021#28 Apr, 2021#Dr. Shankar Prasad Kanaujia#21 Apr, 2021 ( 09:00 to 12:00 )
BT520#05 Jan, 2021#21 Apr, 2021#28 Apr, 2021#Prof. Gurvinder Kaur Saini#
BT633#05 Jan, 2021#21 Apr, 2021#28 Apr, 2021#Dr. Manish Kumar#27 Apr, 2021 ( 09:00 to 12:00 )
BT601#05 Jan, 2021#21 Apr, 2021#28 Apr, 2021#Dr. Nitin  Chaudhary#23 Apr, 2021 ( 14:00 to 17:00 )
BT608#05 Jan, 2021#21 Apr, 2021#28 Apr, 2021#Prof. Siddhartha Sankar Ghosh#28 Apr, 2021 ( 09:00 to 12:00 )
BT604#05 Jan, 2021#21 Apr, 2021#28 Apr, 2021#Prof. Vishal Trivedi#22 Apr, 2021 ( 09:00 to 12:00 )
BT609#05 Jan, 2021#21 Apr, 2021#28 Apr, 2021#Prof. Veeranki Venkata Dasu#24 Apr, 2021 ( 09:00 to 12:00 )
BT623#05 Jan, 2021#21 Apr, 2021#28 Apr, 2021#Prof. Ranjan Tamuli#24 Apr, 2021 ( 14:00 to 17:00 )
BT630#05 Jan, 2021#21 Apr, 2021#28 Apr, 2021#Dr. Anand Baskaran#26 Apr, 2021 ( 09:00 to 12:00 )
BT632#05 Jan, 2021#21 Apr, 2021#28 Apr, 2021#Dr. Bithiah Grace Jaganathan#23 Apr, 2021 ( 09:00 to 12:00 )
BT643#05 Jan, 2021#21 Apr, 2021#28 Apr, 2021#Dr. Lalit  Mohan Pandey#28 Apr, 2021 ( 14:00 to 17:00 )
BT619#05 Jan, 2021#21 Apr, 2021#28 Apr, 2021#Prof. Rakhi Chaturvedi#24 Apr, 2021 ( 09:00 to 12:00 )
BT622#05 Jan, 2021#21 Apr, 2021#28 Apr, 2021#Prof. Kannan Pakshirajan#27 Apr, 2021 ( 09:00 to 12:00 )
BT640#05 Jan, 2021#21 Apr, 2021#28 Apr, 2021#Dr. Cota Navin Gupta#27 Apr, 2021 ( 09:00 to 12:00 )
BT499#05 Jan, 2021#21 Apr, 2021#28 Apr, 2021#Prof. Arun Goyal#
BT699#05 Jan, 2021#21 Apr, 2021#28 Apr, 2021#Dr. Priyadarshi Satpati#
CL205#05 Jan, 2021#21 Apr, 2021#28 Apr, 2021#Prof. Kaustubha Mohanty#24 Apr, 2021 ( 09:00 to 12:00 )
CL206#05 Jan, 2021#21 Apr, 2021#28 Apr, 2021#Prof. Subrata Kumar Majumder#22 Apr, 2021 ( 09:00 to 12:00 )
CL208#05 Jan, 2021#21 Apr, 2021#28 Apr, 2021#Dr. Nageswara Rao Peela#21 Apr, 2021 ( 09:00 to 12:00 )
CL304#05 Jan, 2021#21 Apr, 2021#28 Apr, 2021#Prof. Vimal Katiyar#23 Apr, 2021 ( 14:00 to 17:00 )
CL305#05 Jan, 2021#21 Apr, 2021#28 Apr, 2021#Dr. Amit  Kumar#21 Apr, 2021 ( 14:00 to 17:00 )
CL306#05 Jan, 2021#21 Apr, 2021#28 Apr, 2021#Dr. Resmi Suresh M.P#24 Apr, 2021 ( 14:00 to 17:00 )
CL401#05 Jan, 2021#21 Apr, 2021#28 Apr, 2021#Prof. Vijayanand S. Moholkar#22 Apr, 2021 ( 09:00 to 12:00 )
CL404#05 Jan, 2021#21 Apr, 2021#28 Apr, 2021#Dr. Prasanna Venkatesh Rajaraman#21 Apr, 2021 ( 09:00 to 12:00 )
CL502#05 Jan, 2021#21 Apr, 2021#28 Apr, 2021#Prof. Pallab Ghosh#26 Apr, 2021 ( 09:00 to 12:00 )
CL503#05 Jan, 2021#21 Apr, 2021#28 Apr, 2021#Dr. Anki  Reddy Katha#24 Apr, 2021 ( 09:00 to 12:00 )
CL504#05 Jan, 2021#21 Apr, 2021#28 Apr, 2021#Dr. Prabu  Vairakannu#22 Apr, 2021 ( 09:00 to 12:00 )
CL514#05 Jan, 2021#21 Apr, 2021#28 Apr, 2021#Prof. Pallab Ghosh#21 Apr, 2021 ( 09:00 to 12:00 )
CL505#05 Jan, 2021#21 Apr, 2021#28 Apr, 2021#Prof. Anugrah Singh#23 Apr, 2021 ( 09:00 to 12:00 )
CL506#05 Jan, 2021#21 Apr, 2021#28 Apr, 2021#Dr. Partho Sarathi Gooh Pattader#28 Apr, 2021 ( 09:00 to 12:00 )
CL618#05 Jan, 2021#21 Apr, 2021#28 Apr, 2021#Dr. Pankaj Tiwari#27 Apr, 2021 ( 09:00 to 12:00 )
CL619#05 Jan, 2021#21 Apr, 2021#28 Apr, 2021#Prof. Animes Kumar Golder#28 Apr, 2021 ( 14:00 to 17:00 )
CL622#05 Jan, 2021#21 Apr, 2021#28 Apr, 2021#Prof. Ashok Kumar Dasmahapatra#27 Apr, 2021 ( 14:00 to 17:00 )
CL625#05 Jan, 2021#21 Apr, 2021#28 Apr, 2021#Prof. Dipankar Bandypadhyay#27 Apr, 2021 ( 09:00 to 12:00 )
CL626#05 Jan, 2021#21 Apr, 2021#28 Apr, 2021#Prof. Vaibhav Vasant Goud#27 Apr, 2021 ( 14:00 to 17:00 )
CL628#05 Jan, 2021#21 Apr, 2021#28 Apr, 2021#Dr. Mahuya  De#28 Apr, 2021 ( 14:00 to 17:00 )
CL634#05 Jan, 2021#21 Apr, 2021#28 Apr, 2021#Prof. Nanda  Kishore#28 Apr, 2021 ( 14:00 to 17:00 )
CL639#05 Jan, 2021#21 Apr, 2021#28 Apr, 2021#Dr. Raghvendra   Gupta#27 Apr, 2021 ( 09:00 to 12:00 )
CL643#05 Jan, 2021#21 Apr, 2021#28 Apr, 2021#Dr. Prakash Kotecha#27 Apr, 2021 ( 09:00 to 12:00 )
CL210H#05 Jan, 2021#21 Apr, 2021#28 Apr, 2021#Prof. Tapas Kumar Mandal#
CL211H#05 Jan, 2021#21 Apr, 2021#28 Apr, 2021#Dr. Senthilmurugan Subbiah#
CL310#05 Jan, 2021#21 Apr, 2021#28 Apr, 2021#Dr. Prabu  Vairakannu#
CL312#05 Jan, 2021#21 Apr, 2021#28 Apr, 2021#Prof. Anugrah Singh#
CL313#05 Jan, 2021#21 Apr, 2021#28 Apr, 2021#Prof. Bishnupada Mandal#
CL314H#05 Jan, 2021#21 Apr, 2021#28 Apr, 2021#Dr. Prasanna Venkatesh Rajaraman#
CL315H#05 Jan, 2021#21 Apr, 2021#28 Apr, 2021#Prof. Prabirkumar Saha#
CL416#05 Jan, 2021#21 Apr, 2021#28 Apr, 2021#Prof. Vaibhav Vasant Goud#
CL417#05 Jan, 2021#21 Apr, 2021#28 Apr, 2021#Prof. Mihir Kumar Purkait#
CL599#05 Jan, 2021#21 Apr, 2021#28 Apr, 2021#Prof. Ramagopal V. S. Uppaluri#
CL209#05 Jan, 2021#21 Apr, 2021#28 Apr, 2021#Prof. Mihir Kumar Purkait#23 Apr, 2021 ( 09:00 to 12:00 )
CL207#05 Jan, 2021#21 Apr, 2021#28 Apr, 2021#Dr. R  Anandalakshmi#28 Apr, 2021 ( 14:00 to 17:00 )
CL598#05 Jan, 2021#21 Apr, 2021#28 Apr, 2021#Prof. G.   Pugazhenthi#
CL499#05 Jan, 2021#21 Apr, 2021#28 Apr, 2021#dupc.chemical#
CL699#05 Jan, 2021#21 Apr, 2021#28 Apr, 2021#dppcchemical#
CL498#05 Jan, 2021#21 Apr, 2021#28 Apr, 2021#dupc.chemical#
CL399#05 Jan, 2021#21 Apr, 2021#28 Apr, 2021#dupc.chemical#
EE206#05 Jan, 2021#21 Apr, 2021#28 Apr, 2021#Prof. Roy  Paily Palathinkal#21 Apr, 2021 ( 09:00 to 12:00 )
EE207#05 Jan, 2021#21 Apr, 2021#28 Apr, 2021#Prof. Shaik Rafi Ahamed#
EE230#05 Jan, 2021#21 Apr, 2021#28 Apr, 2021#Dr. Kannan Karthik#22 Apr, 2021 ( 09:00 to 12:00 )
EE250#05 Jan, 2021#21 Apr, 2021#28 Apr, 2021#Dr. Indrani Kar#23 Apr, 2021 ( 09:00 to 12:00 )
EE252#05 Jan, 2021#21 Apr, 2021#28 Apr, 2021#Dr. Rishikesh Dilip Kulkarni#24 Apr, 2021 ( 09:00 to 12:00 )
EE253#05 Jan, 2021#21 Apr, 2021#28 Apr, 2021#Prof. Harshal  Bhalchandra Nemade#
EE213M#05 Jan, 2021#21 Apr, 2021#28 Apr, 2021#Dr. Arun Tej Mallajosyula#27 Apr, 2021 ( 09:00 to 12:00 )
EE211#05 Jan, 2021#21 Apr, 2021#28 Apr, 2021#Dr. Rishikesh Dilip Kulkarni#
EE313#05 Jan, 2021#21 Apr, 2021#28 Apr, 2021#Dr. Arun Tej Mallajosyula#
EE332#05 Jan, 2021#21 Apr, 2021#28 Apr, 2021#Dr. Ribhu#23 Apr, 2021 ( 14:00 to 17:00 )
EE333#05 Jan, 2021#21 Apr, 2021#28 Apr, 2021#Dr. Ribhu#
EE334#05 Jan, 2021#21 Apr, 2021#28 Apr, 2021#Dr. Sudarshan Mukherjee#24 Apr, 2021 ( 14:00 to 17:00 )
EE390#05 Jan, 2021#21 Apr, 2021#28 Apr, 2021#Dr. Gaurav Trivedi#26 Apr, 2021 ( 14:00 to 17:00 )
EE360#05 Jan, 2021#21 Apr, 2021#28 Apr, 2021#Dr. Ravindranath Adda#23 Apr, 2021 ( 14:00 to 17:00 )
EE370#05 Jan, 2021#21 Apr, 2021#28 Apr, 2021#Dr. Chandan  Kumar#24 Apr, 2021 ( 14:00 to 17:00 )
EE371#05 Jan, 2021#21 Apr, 2021#28 Apr, 2021#Dr. Ravindranath Adda#
EE381#05 Jan, 2021#21 Apr, 2021#28 Apr, 2021#Prof. Praveen Kumar#
EE322M#05 Jan, 2021#21 Apr, 2021#28 Apr, 2021#Dr. Chayan Bhawal#28 Apr, 2021 ( 14:00 to 17:00 )
EE351#05 Jan, 2021#21 Apr, 2021#28 Apr, 2021#Prof. Harshal  Bhalchandra Nemade#
EE399#05 Jan, 2021#21 Apr, 2021#28 Apr, 2021#dupceee#
EE499#05 Jan, 2021#21 Apr, 2021#28 Apr, 2021#dupceee#
EE482#05 Jan, 2021#21 Apr, 2021#28 Apr, 2021#Dr. Praveen Tripathy#
EE442#05 Jan, 2021#21 Apr, 2021#28 Apr, 2021#Prof. Ratnajit Bhattacharjee#
EE521#05 Jan, 2021#21 Apr, 2021#28 Apr, 2021#Prof. Manas Kamal Bhuyan#
EE522#05 Jan, 2021#21 Apr, 2021#28 Apr, 2021#Prof. Prabin Kumar Bora#27 Apr, 2021 ( 09:00 to 12:00 )
EE525#05 Jan, 2021#21 Apr, 2021#28 Apr, 2021#Dr. Prithwijit  Guha#28 Apr, 2021 ( 09:00 to 12:00 )
EE533#05 Jan, 2021#21 Apr, 2021#28 Apr, 2021#Dr. Salil Kashyap#28 Apr, 2021 ( 09:00 to 12:00 )
EE534#05 Jan, 2021#21 Apr, 2021#28 Apr, 2021#Dr. Sonali Chouhan#
EE535#05 Jan, 2021#21 Apr, 2021#28 Apr, 2021#Dr. Sonali Chouhan#27 Apr, 2021 ( 09:00 to 12:00 )
EE592#05 Jan, 2021#21 Apr, 2021#28 Apr, 2021#Dr. A.  Rajesh#26 Apr, 2021 ( 09:00 to 12:00 )
EE512#05 Jan, 2021#21 Apr, 2021#28 Apr, 2021#Dr. Nagarjuna Nallam#27 Apr, 2021 ( 09:00 to 12:00 )
EE515#05 Jan, 2021#21 Apr, 2021#28 Apr, 2021#Dr. Gaurav Trivedi#28 Apr, 2021 ( 09:00 to 12:00 )
EE516#05 Jan, 2021#21 Apr, 2021#28 Apr, 2021#Prof. Shaik Rafi Ahamed#26 Apr, 2021 ( 09:00 to 12:00 )
EE517#05 Jan, 2021#21 Apr, 2021#28 Apr, 2021#Dr. Nagarjuna Nallam#
EE518#05 Jan, 2021#21 Apr, 2021#28 Apr, 2021#Dr. Gaurav Trivedi#
EE553#05 Jan, 2021#21 Apr, 2021#28 Apr, 2021#Prof. Chitralekha Mahanta#
EE554#05 Jan, 2021#21 Apr, 2021#28 Apr, 2021#Dr. Srinivasan Krishnaswamy#26 Apr, 2021 ( 09:00 to 12:00 )
EE555#05 Jan, 2021#21 Apr, 2021#28 Apr, 2021#Dr. Hanumant  Singh Shekhawat#
EE562#05 Jan, 2021#21 Apr, 2021#28 Apr, 2021#Dr. Sanjib Ganguly#27 Apr, 2021 ( 09:00 to 12:00 )
EE572#05 Jan, 2021#21 Apr, 2021#28 Apr, 2021#Dr. Sanjib Ganguly#
EE580#05 Jan, 2021#21 Apr, 2021#28 Apr, 2021#Prof. Praveen Kumar#28 Apr, 2021 ( 09:00 to 12:00 )
EE541#05 Jan, 2021#21 Apr, 2021#28 Apr, 2021#Prof. Rakhesh  Singh Kshetrimayum#
EE543#05 Jan, 2021#21 Apr, 2021#28 Apr, 2021#Prof. Rakhesh  Singh Kshetrimayum#27 Apr, 2021 ( 09:00 to 12:00 )
EE544#05 Jan, 2021#21 Apr, 2021#28 Apr, 2021#Dr. Debabrata  Sikdar#26 Apr, 2021 ( 09:00 to 12:00 )
EE561#05 Jan, 2021#21 Apr, 2021#28 Apr, 2021#Dr. Chandan  Kumar#
EE552#05 Jan, 2021#21 Apr, 2021#28 Apr, 2021#Prof. Somanath Majhi#
EE595H#05 Jan, 2021#21 Apr, 2021#28 Apr, 2021#Dr. Tony Jacob#27 Feb, 2021 ( 09:00 to 11:00 )
EE596H#05 Jan, 2021#21 Apr, 2021#28 Apr, 2021#Dr. Tony Jacob#27 Apr, 2021 ( 09:00 to 11:00 )
EE526#05 Jan, 2021#21 Apr, 2021#28 Apr, 2021#Dr. Suresh Sundaram#28 Apr, 2021 ( 09:00 to 12:00 )
EE527#05 Jan, 2021#21 Apr, 2021#28 Apr, 2021#Dr. Prithwijit  Guha#
EE699#05 Jan, 2021#21 Apr, 2021#28 Apr, 2021#dppceee#
EE611#05 Jan, 2021#21 Apr, 2021#28 Apr, 2021#Dr. Arun Tej Mallajosyula#22 Apr, 2021 ( 14:00 to 17:00 )
EE613#05 Jan, 2021#21 Apr, 2021#28 Apr, 2021#Dr. Mahima Arrawatia#24 Apr, 2021 ( 14:00 to 17:00 )
EE621#05 Jan, 2021#21 Apr, 2021#28 Apr, 2021#Prof. Manas Kamal Bhuyan#21 Apr, 2021 ( 14:00 to 17:00 )
EE622#05 Jan, 2021#21 Apr, 2021#28 Apr, 2021#Prof. Samarendra Dandapat#24 Apr, 2021 ( 14:00 to 17:00 )
EE633#05 Jan, 2021#21 Apr, 2021#28 Apr, 2021#Dr. Smarajit Das#23 Apr, 2021 ( 14:00 to 17:00 )
EE643#05 Jan, 2021#21 Apr, 2021#28 Apr, 2021#Dr. Ramesh Kumar Sonkar#23 Apr, 2021 ( 14:00 to 17:00 )
EE644#05 Jan, 2021#21 Apr, 2021#28 Apr, 2021#Dr. Debabrata  Sikdar#21 Apr, 2021 ( 14:00 to 17:00 )
EE655#05 Jan, 2021#21 Apr, 2021#28 Apr, 2021#Dr. Hanumant  Singh Shekhawat#22 Apr, 2021 ( 14:00 to 17:00 )
EE672#05 Jan, 2021#21 Apr, 2021#28 Apr, 2021#Dr. Chandan  Kumar#21 Apr, 2021 ( 14:00 to 17:00 )
EE674#05 Jan, 2021#21 Apr, 2021#28 Apr, 2021#Dr. Praveen Tripathy#24 Apr, 2021 ( 14:00 to 17:00 )
EE694#05 Jan, 2021#21 Apr, 2021#28 Apr, 2021#Dr. Gaurav Trivedi#21 Apr, 2021 ( 14:00 to 17:00 )
EE626#05 Jan, 2021#21 Apr, 2021#28 Apr, 2021#Dr. Prithwijit  Guha#27 Apr, 2021 ( 09:00 to 12:00 )
EE645#05 Jan, 2021#21 Apr, 2021#28 Apr, 2021#Prof. Ratnajit Bhattacharjee#22 Apr, 2021 ( 14:00 to 17:00 )
EE661#05 Jan, 2021#21 Apr, 2021#28 Apr, 2021#Dr. Shabari   Nath#23 Apr, 2021 ( 14:00 to 17:00 )
EE352#05 Jan, 2021#21 Apr, 2021#28 Apr, 2021#Prof. Somanath Majhi#22 Apr, 2021 ( 14:00 to 17:00 )
EE335#05 Jan, 2021#21 Apr, 2021#28 Apr, 2021#Dr. Tony Jacob#21 Apr, 2021 ( 14:00 to 17:00 )
EM597#05 Jan, 2021#21 Apr, 2021#28 Apr, 2021#Prof. Praveen Kumar#
PH202#05 Jan, 2021#21 Apr, 2021#28 Apr, 2021#Dr. Ashwini Kumar Sharma#21 Apr, 2021 ( 09:00 to 12:00 )
PH204#05 Jan, 2021#21 Apr, 2021#28 Apr, 2021#Dr. Charudatt Yashwant Kadolkar#22 Apr, 2021 ( 09:00 to 12:00 )
PH206#05 Jan, 2021#21 Apr, 2021#28 Apr, 2021#Dr. Tapan  Mishra#26 Apr, 2021 ( 09:00 to 12:00 )
PH208#05 Jan, 2021#21 Apr, 2021#28 Apr, 2021#Prof. Dilip  Pal#24 Apr, 2021 ( 09:00 to 12:00 )
PH211#05 Jan, 2021#21 Apr, 2021#28 Apr, 2021#Dr. Tarak Nath Dey#
PH302#05 Jan, 2021#21 Apr, 2021#28 Apr, 2021#Dr. Uday Narayan Maiti#22 Apr, 2021 ( 14:00 to 17:00 )
PH304#05 Jan, 2021#21 Apr, 2021#28 Apr, 2021#Prof. A  Srinivasan#26 Apr, 2021 ( 14:00 to 17:00 )
PH306#05 Jan, 2021#21 Apr, 2021#28 Apr, 2021#Dr. Gagan   Kumar#24 Apr, 2021 ( 14:00 to 17:00 )
PH308#05 Jan, 2021#21 Apr, 2021#28 Apr, 2021#Dr. Udit Raha#23 Apr, 2021 ( 14:00 to 17:00 )
PH310#05 Jan, 2021#21 Apr, 2021#28 Apr, 2021#Dr. Subhash Thota#
PH309#05 Jan, 2021#21 Apr, 2021#28 Apr, 2021#Prof. Dilip  Pal#
PH417#05 Jan, 2021#21 Apr, 2021#28 Apr, 2021#Dr. Debaprasad Maity#
PH499#05 Jan, 2021#21 Apr, 2021#28 Apr, 2021#Dr. Sayan Kumar Chakrabarti#
PH458#05 Jan, 2021#21 Apr, 2021#28 Apr, 2021#Prof. Seenipandian Ravi#22 Apr, 2021 ( 09:00 to 12:00 )
PH462#05 Jan, 2021#21 Apr, 2021#28 Apr, 2021#Prof. Amarendra Kumar Sarma#23 Apr, 2021 ( 09:00 to 12:00 )
PH464#05 Jan, 2021#21 Apr, 2021#28 Apr, 2021#Dr. Malay Kumar Nandy#24 Apr, 2021 ( 09:00 to 12:00 )
PH446#05 Jan, 2021#21 Apr, 2021#28 Apr, 2021#Dr. Santabrata Das#27 Apr, 2021 ( 09:00 to 12:00 )
PH465#05 Jan, 2021#21 Apr, 2021#28 Apr, 2021#Prof. Alika Khare#27 Apr, 2021 ( 09:00 to 12:00 )
PH402#05 Jan, 2021#21 Apr, 2021#28 Apr, 2021#Prof. Pratima Agarwal#26 Apr, 2021 ( 09:00 to 12:00 )
PH404#05 Jan, 2021#21 Apr, 2021#28 Apr, 2021#Dr. Soumitra  Nandi#24 Apr, 2021 ( 09:00 to 12:00 )
PH406#05 Jan, 2021#21 Apr, 2021#28 Apr, 2021#Dr. Arunansu  Sil#22 Apr, 2021 ( 09:00 to 12:00 )
PH408#05 Jan, 2021#21 Apr, 2021#28 Apr, 2021#Dr. Dobbidi Pamu#21 Apr, 2021 ( 09:00 to 12:00 )
PH410#05 Jan, 2021#21 Apr, 2021#28 Apr, 2021#Dr. Tarak Nath Dey#23 Apr, 2021 ( 09:00 to 12:00 )
PH412#05 Jan, 2021#21 Apr, 2021#28 Apr, 2021#Prof. Seenipandian Ravi#
PH411#05 Jan, 2021#21 Apr, 2021#28 Apr, 2021#Prof. Alika Khare#
PH511#05 Jan, 2021#21 Apr, 2021#28 Apr, 2021#Dr. Charudatt Yashwant Kadolkar#
PH516#05 Jan, 2021#21 Apr, 2021#28 Apr, 2021#Prof. Subhradip Ghosh#
PH518#05 Jan, 2021#21 Apr, 2021#28 Apr, 2021#Dr. Pankaj Kumar Mishra#
PH534#05 Jan, 2021#21 Apr, 2021#28 Apr, 2021#Prof. Sunil Kumar Khijwania#21 Apr, 2021 ( 14:00 to 17:00 )
PH536#05 Jan, 2021#21 Apr, 2021#28 Apr, 2021#Prof. Amarendra Kumar Sarma#24 Apr, 2021 ( 14:00 to 17:00 )
PH541#05 Jan, 2021#21 Apr, 2021#28 Apr, 2021#Dr. Kanhaiya  Pandey#26 Apr, 2021 ( 14:00 to 17:00 )
PH544#05 Jan, 2021#21 Apr, 2021#28 Apr, 2021#Dr. Subhaditya Bhattacharya#23 Apr, 2021 ( 14:00 to 17:00 )
PH702#05 Jan, 2021#21 Apr, 2021#28 Apr, 2021#Dr. Pankaj Kumar Mishra#24 Apr, 2021 ( 14:00 to 17:00 )
PH704#05 Jan, 2021#21 Apr, 2021#28 Apr, 2021#Prof. Bosanta Ranjan Boruah#23 Apr, 2021 ( 14:00 to 17:00 )
PH706#05 Jan, 2021#21 Apr, 2021#28 Apr, 2021#Dr. Sayan Kumar Chakrabarti#22 Apr, 2021 ( 14:00 to 17:00 )
PH708#05 Jan, 2021#21 Apr, 2021#28 Apr, 2021#Dr. Uday Narayan Maiti#
PH282M#05 Jan, 2021#21 Apr, 2021#28 Apr, 2021#Prof. Sunil Kumar Khijwania#27 Apr, 2021 ( 09:00 to 12:00 )
PH382M#05 Jan, 2021#21 Apr, 2021#28 Apr, 2021#Dr. Ashwini Kumar Sharma#28 Apr, 2021 ( 14:00 to 17:00 )
PH210#05 Jan, 2021#21 Apr, 2021#28 Apr, 2021#Dr. Bibhas Ranjan Majhi#
PH312#05 Jan, 2021#21 Apr, 2021#28 Apr, 2021#Dr. Sayan Kumar Chakrabarti#
PH456#05 Jan, 2021#21 Apr, 2021#28 Apr, 2021#Prof. Girish  Sampath Setlur#21 Apr, 2020 ( 09:00 to 12:00 )
CH222#05 Jan, 2021#21 Apr, 2021#28 Apr, 2021#Prof. Anil Kumar Saikia#21 Apr, 2021 ( 09:00 to 12:00 )
CH224#05 Jan, 2021#21 Apr, 2021#28 Apr, 2021#Dr. Sumana  Dutta#22 Apr, 2021 ( 09:00 to 12:00 )
CH211#05 Jan, 2021#21 Apr, 2021#28 Apr, 2021#Dr. Shyam Prosad Biswas#23 Apr, 2021 ( 09:00 to 12:00 )
CH233#05 Jan, 2021#21 Apr, 2021#28 Apr, 2021#Prof. G  Krishnamoorthy#24 Apr, 2021 ( 09:00 to 12:00 )
CH223#05 Jan, 2021#21 Apr, 2021#28 Apr, 2021#Dr. Subhas Chandra Pan#
CH332#05 Jan, 2021#21 Apr, 2021#28 Apr, 2021#Prof. Aditya Narayan Panda#22 Apr, 2021 ( 14:00 to 17:00 )
CH314#05 Jan, 2021#21 Apr, 2021#28 Apr, 2021#Dr. Chivukula Vasudeva Sastri#
CH323#05 Jan, 2021#21 Apr, 2021#28 Apr, 2021#Dr. Uttam  Manna#23 Apr, 2021 ( 14:00 to 17:00 )
CH334#05 Jan, 2021#21 Apr, 2021#28 Apr, 2021#Prof. Mohammad Qureshi#
CH419#05 Jan, 2021#21 Apr, 2021#28 Apr, 2021#Prof. Parameswar K Iyer#27 Apr, 2021 ( 09:00 to 12:00 )
CH316#05 Jan, 2021#21 Apr, 2021#28 Apr, 2021#Prof. Gopal Das#21 Apr, 2021 ( 09:00 to 12:00 )
CH418#05 Jan, 2021#21 Apr, 2021#28 Apr, 2021#Prof. Vadivelu Manivannan#23 Apr, 2021 ( 09:00 to 12:00 )
CH428#05 Jan, 2021#21 Apr, 2021#28 Apr, 2021#Prof. Bhubaneswar Mandal#24 Apr, 2021 ( 09:00 to 12:00 )
CH644#05 Jan, 2021#21 Apr, 2021#28 Apr, 2021#Dr. Manabendra Sarma#27 Apr, 2021 ( 09:00 to 12:00 )
CH499#05 Jan, 2021#21 Apr, 2021#28 Apr, 2021#dupcchemistry#
CH400#05 Jan, 2021#21 Apr, 2021#28 Apr, 2021#Prof. Sandip Paul#26 Apr, 2021 ( 09:00 to 12:00 )
CH411#05 Jan, 2021#21 Apr, 2021#28 Apr, 2021#Dr. Animesh  Das#24 Apr, 2021 ( 09:00 to 12:00 )
CH421#05 Jan, 2021#21 Apr, 2021#28 Apr, 2021#Dr. Krishna  Pada Bhabak#22 Apr, 2021 ( 09:00 to 12:00 )
CH425#05 Jan, 2021#21 Apr, 2021#28 Apr, 2021#Dr. Lal Mohan Kundu#
CH432#05 Jan, 2021#21 Apr, 2021#28 Apr, 2021#Prof. Anumita Paul#23 Apr, 2021 ( 09:00 to 12:00 )
CH435#05 Jan, 2021#21 Apr, 2021#28 Apr, 2021#Dr. Debasis  Manna#
CH515#05 Jan, 2021#21 Apr, 2021#28 Apr, 2021#Prof. Biplab Mondal#
CH600#05 Jan, 2021#21 Apr, 2021#28 Apr, 2021#dppcchemistry#
CH603#05 Jan, 2021#21 Apr, 2021#28 Apr, 2021#Prof. Jubaraj Bikash Baruah#26 Apr, 2021 ( 14:00 to 17:00 )
CH611#05 Jan, 2021#21 Apr, 2021#28 Apr, 2021#Dr. Kingsuk Mahata#24 Apr, 2021 ( 09:00 to 12:00 )
CH631#05 Jan, 2021#21 Apr, 2021#28 Apr, 2021#Prof. Ashish  Kumar Gupta#23 Apr, 2021 ( 09:00 to 12:00 )
CH622#05 Jan, 2021#21 Apr, 2021#28 Apr, 2021#Dr. Chandan Kumar Jana#22 Apr, 2021 ( 09:00 to 12:00 )
CH639#05 Jan, 2021#21 Apr, 2021#28 Apr, 2021#Dr. Kalyanasis Sahu#21 Apr, 2021 ( 09:00 to 12:00 )
CH618#05 Jan, 2021#21 Apr, 2021#28 Apr, 2021#Dr. Chandan Mukherjee#23 Apr, 2021 ( 14:00 to 17:00 )
CH627#05 Jan, 2021#21 Apr, 2021#28 Apr, 2021#Prof. Tharmalingam Punniyamurthy#22 Apr, 2021 ( 14:00 to 17:00 )
CH614#05 Jan, 2021#21 Apr, 2021#28 Apr, 2021#Dr. Debapratim Das#21 Apr, 2021 ( 14:00 to 17:00 )
CH629#05 Jan, 2021#21 Apr, 2021#28 Apr, 2021#Prof. Subhendu Sekhar Bag#24 Apr, 2021 ( 14:00 to 17:00 )
MA499#05 Jan, 2021#21 Apr, 2021#28 Apr, 2021#Dr. Subhamay  Saha#
MA224#05 Jan, 2021#21 Apr, 2021#28 Apr, 2021#Dr. Subhamay  Saha#21 Apr, 2021 ( 09:00 to 12:00 )
MA252#05 Jan, 2021#21 Apr, 2021#28 Apr, 2021#Prof. Kalpesh Kapoor#22 Apr, 2021 ( 09:00 to 12:00 )
MA271#05 Jan, 2021#21 Apr, 2021#28 Apr, 2021#Dr. Sree Krishna Anantha Sai Palaparthi#26 Apr, 2021 ( 09:00 to 12:00 )
MA322#05 Jan, 2021#21 Apr, 2021#28 Apr, 2021#Dr. Bhupen  Deka#22 Apr, 2021 ( 14:00 to 17:00 )
MA324#05 Jan, 2021#21 Apr, 2021#28 Apr, 2021#Dr. Ayon  Ganguly#21 Apr, 2021 ( 14:00 to 17:00 )
MA373#05 Jan, 2021#21 Apr, 2021#28 Apr, 2021#Dr. Chandan  Pal#24 Apr, 2021 ( 14:00 to 17:00 )
MA374#05 Jan, 2021#21 Apr, 2021#28 Apr, 2021#Dr. Palash Ghosh#
MA351#05 Jan, 2021#21 Apr, 2021#28 Apr, 2021#Dr. Sagarmoy Dutta#23 Apr, 2021 ( 14:00 to 17:00 )
MA473#05 Jan, 2021#21 Apr, 2021#28 Apr, 2021#Prof. Natesan Srinivasan#23 Apr, 2021 ( 09:00 to 12:00 )
MA212M#05 Jan, 2021#21 Apr, 2021#28 Apr, 2021#Dr. Arabin Kumar Dey#27 Apr, 2021 ( 09:00 to 12:00 )
MA312M#05 Jan, 2021#21 Apr, 2021#28 Apr, 2021#Dr. Rupam   Barman#28 Apr, 2021 ( 14:00 to 17:00 )
MA588#05 Jan, 2021#21 Apr, 2021#28 Apr, 2021#Dr. Palash Ghosh#
MA512#05 Jan, 2021#21 Apr, 2021#28 Apr, 2021#Dr. H.  Ramesh#21 Apr, 2021 ( 09:00 to 12:00 )
MA542#05 Jan, 2021#21 Apr, 2021#28 Apr, 2021#Prof. Jiten Chandra Kalita#22 Apr, 2021 ( 09:00 to 12:00 )
MA547#05 Jan, 2021#21 Apr, 2021#28 Apr, 2021#Dr. Jitendriya Swain#23 Apr, 2021 ( 09:00 to 12:00 )
MA590#05 Jan, 2021#21 Apr, 2021#28 Apr, 2021#Dr. Sameer Kamal#24 Apr, 2021 ( 09:00 to 12:00 )
MA591#05 Jan, 2021#21 Apr, 2021#28 Apr, 2021#Dr. Sriparna Bandyopadhyay#26 Apr, 2021 ( 09:00 to 12:00 )
MA571#05 Jan, 2021#21 Apr, 2021#28 Apr, 2021#Prof. Shreemayee Bora#21 Apr, 2021 ( 14:00 to 17:00 )
MA573#05 Jan, 2021#21 Apr, 2021#28 Apr, 2021#Prof. Durga Charan Dalal#23 Apr, 2021 ( 14:00 to 17:00 )
MA699#05 Jan, 2021#21 Apr, 2021#28 Apr, 2021#Dr. Rajesh  Kumar Srivastava#
MA625#05 Jan, 2021#21 Apr, 2021#28 Apr, 2021#Prof. Rafikul Alam#23 Apr, 2021 ( 14:00 to 17:00 )
MA642#05 Jan, 2021#21 Apr, 2021#28 Apr, 2021#Dr. Arup Chattopadhyay#26 Apr, 2021 ( 14:00 to 17:00 )
MA662#05 Jan, 2021#21 Apr, 2021#28 Apr, 2021#Dr. Sweta  Tiwari#21 Apr, 2021 ( 14:00 to 17:00 )
MA601#05 Jan, 2021#21 Apr, 2021#28 Apr, 2021#Dr. Bikash Bhattacharjya#22 Apr, 2021 ( 09:00 to 12:00 )
MA509#05 Jan, 2021#21 Apr, 2021#28 Apr, 2021#Prof. Anupam Saikia#22 Apr, 2021 ( 14:00 to 17:00 )
MA597#05 Jan, 2021#21 Apr, 2021#28 Apr, 2021#Prof. N.  Selvaraju#26 Apr, 2021 ( 09:00 to 12:00 )
MA651#05 Jan, 2021#21 Apr, 2021#28 Apr, 2021#Prof. Partha Sarathi Mandal#21 Apr, 2021 ( 09:00 to 12:00 )
MA477#05 Jan, 2021#21 Apr, 2021#28 Apr, 2021#Dr. Siddhartha Pratim Chakrabarty#24 Apr, 2021 ( 09:00 to 12:00 )
MA575#05 Jan, 2021#21 Apr, 2021#28 Apr, 2021#Prof. Swaroop Nandan Bora#26 Apr, 2021 ( 09:00 to 12:00 )
MA616#05 Jan, 2021#21 Apr, 2021#28 Apr, 2021#Dr. Ashok Singh Sairam#
MA652#05 Jan, 2021#21 Apr, 2021#28 Apr, 2021#Dr. Gautam Kumar Das#24 Apr, 2021 ( 14:00 to 17:00 )
MA550#05 Jan, 2021#21 Apr, 2021#28 Apr, 2021#Dr. Pratyoosh Kumar#
MA691#05 Jan, 2021#21 Apr, 2021#28 Apr, 2021#Dr. Arabin Kumar Dey#23 Apr, 2021 ( 09:00 to 12:00 )
MA741#05 Jan, 2021#21 Apr, 2021#28 Apr, 2021#Prof. M. Guru Prem Prasad#24 Apr, 2021 ( 09:00 to 12:00 )
MA733#05 Jan, 2021#21 Apr, 2021#28 Apr, 2021#Prof. Rafikul Alam#21 Apr, 2021 ( 09:00 to 12:00 )
MA624#05 Jan, 2021#21 Apr, 2021#28 Apr, 2021#Dr. Shyamashree Upadhyay#24 Apr, 2021 ( 09:00 to 12:00 )
MA719#05 Jan, 2021#21 Apr, 2021#28 Apr, 2021#Dr. Sriparna Bandyopadhyay#24 Apr, 2021 ( 14:00 to 17:00 )
MA766#05 Jan, 2021#21 Apr, 2021#28 Apr, 2021#Prof. Durga Charan Dalal#
HS107#05 Jan, 2021#21 Apr, 2021#28 Apr, 2021#Dr. Prabhu Venkataraman#28 Apr, 2021 ( 09:00 to 12:00 )
HS113#05 Jan, 2021#21 Apr, 2021#28 Apr, 2021#Dr. Naveen Kashyap#28 Apr, 2021 ( 09:00 to 12:00 )
HS114#05 Jan, 2021#21 Apr, 2021#28 Apr, 2021#Prof. Liza Das#28 Apr, 2021 ( 09:00 to 12:00 )
HS116#05 Jan, 2021#21 Apr, 2021#28 Apr, 2021#Dr. Sawmya  Ray#28 Apr, 2021 ( 09:00 to 12:00 )
HS123#05 Jan, 2021#21 Apr, 2021#28 Apr, 2021#Dr. Debarshi Das#28 Apr, 2021 ( 09:00 to 12:00 )
HS125#05 Jan, 2021#21 Apr, 2021#28 Apr, 2021#Dr. Agnirup Sarkar#28 Apr, 2021 ( 09:00 to 12:00 )
HS132#05 Jan, 2021#21 Apr, 2021#28 Apr, 2021#Dr. John   Thomas#28 Apr, 2021 ( 09:00 to 12:00 )
HS134#05 Jan, 2021#21 Apr, 2021#28 Apr, 2021#Dr. Sukanya Sharma#28 Apr, 2021 ( 09:00 to 12:00 )
HS135#05 Jan, 2021#21 Apr, 2021#28 Apr, 2021#Dr. Bidisha Som#28 Apr, 2021 ( 09:00 to 12:00 )
HS136#05 Jan, 2021#21 Apr, 2021#28 Apr, 2021#Dr. Mithilesh Kumar Jha#28 Apr, 2021 ( 09:00 to 12:00 )
HS138#05 Jan, 2021#21 Apr, 2021#28 Apr, 2021#Dr. Dilwar Hussain#28 Apr, 2021 ( 09:00 to 12:00 )
HS139#05 Jan, 2021#21 Apr, 2021#28 Apr, 2021#Dr. Kiran Keshavamurthy#28 Apr, 2021 ( 09:00 to 12:00 )
HS401#05 Jan, 2021#21 Apr, 2021#28 Apr, 2021#Dr. Nachiketa Tripathi#28 Apr, 2021 ( 09:00 to 12:00 )
HS409#05 Jan, 2021#21 Apr, 2021#28 Apr, 2021#Prof. Mrinal Kanti Dutta#28 Apr, 2021 ( 09:00 to 12:00 )
HS415#05 Jan, 2021#21 Apr, 2021#28 Apr, 2021#Prof. Arupjyoti Saikia#28 Apr, 2021 ( 09:00 to 12:00 )
HS420#05 Jan, 2021#21 Apr, 2021#28 Apr, 2021#Dr. Priyankoo Sarmah#28 Apr, 2021 ( 09:00 to 12:00 )
HS421#05 Jan, 2021#21 Apr, 2021#28 Apr, 2021#Dr. Ngamjahao  Kipgen#28 Apr, 2021 ( 09:00 to 12:00 )
HS424#05 Jan, 2021#21 Apr, 2021#28 Apr, 2021#Dr. Bodhisattva Sengupta#28 Apr, 2021 ( 09:00 to 12:00 )
HS425#05 Jan, 2021#21 Apr, 2021#28 Apr, 2021#Dr. Debapriya  Basu#28 Apr, 2021 ( 09:00 to 12:00 )
HS427#05 Jan, 2021#21 Apr, 2021#28 Apr, 2021#Dr. Anamika Barua#28 Apr, 2021 ( 09:00 to 12:00 )
HS429#05 Jan, 2021#21 Apr, 2021#28 Apr, 2021#Dr. Vipul Dutta#28 Apr, 2021 ( 09:00 to 12:00 )
HS232M#05 Jan, 2021#21 Apr, 2021#28 Apr, 2021#Dr. Shakuntala Mahanta#27 Apr, 2021 ( 09:00 to 12:00 )
HS320M#05 Jan, 2021#21 Apr, 2021#28 Apr, 2021#Prof. Rohini Mokashi Punekar#28 Apr, 2021 ( 14:00 to 17:00 )
HS503#05 Jan, 2021#21 Apr, 2021#28 Apr, 2021#Dr. Sambit Mallick#21 Apr, 2021 ( 09:00 to 12:00 )
HS517#05 Jan, 2021#21 Apr, 2021#28 Apr, 2021#Dr. Pahi Saikia#21 Apr, 2021 ( 14:00 to 17:00 )
HS523#05 Jan, 2021#21 Apr, 2021#28 Apr, 2021#Dr. Amarjyoti Mahanta#22 Apr, 2021 ( 14:00 to 17:00 )
HS524#05 Jan, 2021#21 Apr, 2021#28 Apr, 2021#Dr. Prasad Khanolkar#22 Apr, 2021 ( 09:00 to 12:00 )
HS525#05 Jan, 2021#21 Apr, 2021#28 Apr, 2021#Dr. Vasundhara Jairath#23 Apr, 2021 ( 09:00 to 12:00 )
HS621#05 Jan, 2021#21 Apr, 2021#28 Apr, 2021#Dr. Daksha Chandu Parmar#23 Apr, 2021 ( 14:00 to 17:00 )
HS628#05 Jan, 2021#21 Apr, 2021#28 Apr, 2021#Dr. Ranu Roychoudhuri#24 Apr, 2021 ( 09:00 to 12:00 )
HS608#05 Jan, 2021#21 Apr, 2021#28 Apr, 2021#Dr. Rajshree Bedamatta#24 Apr, 2021 ( 14:00 to 17:00 )
HS604#05 Jan, 2021#21 Apr, 2021#28 Apr, 2021#Prof. Saundarjya Borbora#26 Apr, 2021 ( 09:00 to 12:00 )
HS729#05 Jan, 2021#21 Apr, 2021#28 Apr, 2021#Dr. Sambit Mallick#28 Apr, 2021 ( 09:00 to 12:00 )
HS730#05 Jan, 2021#21 Apr, 2021#28 Apr, 2021#Dr. Sawmya  Ray#28 Apr, 2021 ( 14:00 to 17:00 )
HS721#05 Jan, 2021#21 Apr, 2021#28 Apr, 2021#Dr. Sukanya Sharma#21 Apr, 2021 ( 09:00 to 12:00 )
HS722#05 Jan, 2021#21 Apr, 2021#28 Apr, 2021#Dr. Sukanya Sharma#21 Apr, 2021 ( 14:00 to 17:00 )
HS706#05 Jan, 2021#21 Apr, 2021#28 Apr, 2021#Prof. Mrinal Kanti Dutta#27 Apr, 2021 ( 09:00 to 12:00 )
HS735#05 Jan, 2021#21 Apr, 2021#28 Apr, 2021#Dr. Shakuntala Mahanta#23 Apr, 2021 ( 09:00 to 12:00 )
HS745#05 Jan, 2021#21 Apr, 2021#28 Apr, 2021#Dr. Shakuntala Mahanta#23 Apr, 2021 ( 14:00 to 17:00 )
HS714#05 Jan, 2021#21 Apr, 2021#28 Apr, 2021#Dr. Nachiketa Tripathi#24 Apr, 2021 ( 09:00 to 12:00 )
HS716#05 Jan, 2021#21 Apr, 2021#28 Apr, 2021#Dr. Naveen Kashyap#24 Apr, 2021 ( 14:00 to 17:00 )
HS713#05 Jan, 2021#21 Apr, 2021#28 Apr, 2021#Dr. Debapriya  Basu#22 Apr, 2021 ( 14:00 to 17:00 )
HS704#05 Jan, 2021#21 Apr, 2021#28 Apr, 2021#Prof. Rohini Mokashi Punekar#22 Apr, 2021 ( 09:00 to 12:00 )
HS754#05 Jan, 2021#21 Apr, 2021#28 Apr, 2021#Dr. Bodhisattva Sengupta#28 Apr, 2021 ( 09:00 to 12:00 )
HS768#05 Jan, 2021#21 Apr, 2021#28 Apr, 2021#Dr. Bidisha Som#24 Apr, 2021 ( 09:00 to 12:00 )
HS734#05 Jan, 2021#21 Apr, 2021#28 Apr, 2021#Dr. Bidisha Som#24 Apr, 2021 ( 14:00 to 17:00 )
HS749#05 Jan, 2021#21 Apr, 2021#28 Apr, 2021#Dr. Priyankoo Sarmah#26 Apr, 2021 ( 09:00 to 12:00 )
HS757#05 Jan, 2021#21 Apr, 2021#28 Apr, 2021#Dr. Ngamjahao  Kipgen#26 Apr, 2021 ( 14:00 to 17:00 )
RT514#05 Jan, 2021#21 Apr, 2021#28 Apr, 2021#Dr. Meena Khwairakpam#21 Apr, 2021 ( 09:00 to 12:00 )
RT520#05 Jan, 2021#21 Apr, 2021#28 Apr, 2021#Dr. Siddhartha Singha#
RT512#05 Jan, 2021#21 Apr, 2021#28 Apr, 2021#Dr. Siddhartha Singha#23 Apr, 2021 ( 09:00 to 12:00 )
RT515#05 Jan, 2021#21 Apr, 2021#28 Apr, 2021#Dr. Sudip  Mitra#24 Apr, 2021 ( 09:00 to 12:00 )
RT517#05 Jan, 2021#21 Apr, 2021#28 Apr, 2021#Dr. Siddhartha Singha#27 Apr, 2021 ( 09:00 to 12:00 )
RT692#05 Jan, 2021#21 Apr, 2021#28 Apr, 2021#dppcrt#
EN674#05 Jan, 2021#21 Apr, 2021#28 Apr, 2021#Dr. Pankaj  Kalita#24 Apr, 2021 ( 09:00 to 12:00 )
EN697#05 Jan, 2021#21 Apr, 2021#28 Apr, 2021#dppcenergy#
EN671#05 Jan, 2021#21 Apr, 2021#28 Apr, 2021#Dr. Harsh Chaturvedi#22 Apr, 2021 ( 14:00 to 17:00 )
EN699#05 Jan, 2021#21 Apr, 2021#28 Apr, 2021#dppcenergy#
LS501#05 Jan, 2021#21 Apr, 2021#28 Apr, 2021#Prof. Sukumar Nandi#
LS551#05 Jan, 2021#21 Apr, 2021#28 Apr, 2021#Dr. Shakuntala Mahanta#
NT705#05 Jan, 2021#21 Apr, 2021#28 Apr, 2021#Dr. Uttam  Manna#
IFST017#05 Jan, 2021#21 Apr, 2021#28 Apr, 2021#Prof. Vaibhav Vasant Goud#
IFST020#05 Jan, 2021#21 Apr, 2021#28 Apr, 2021#Prof. Vaibhav Vasant Goud#
SA216#05 Jan, 2021#21 Apr, 2021#28 Apr, 2021#Unspecified#
